id;description;sort_order;date_added;date_modified;status
1;Table;31264;2022-08-14;2022-08-15;DISABLED
2;a;82897;2022-08-15;2022-08-14;DISABLED
3;HTTP Checking;90596;2022-08-14;2022-08-14;DISABLED
4;Berkshire Designer enterprise;13053;2022-08-15;2022-08-15;DISABLED
5;Soap Salad killer;19780;2022-08-15;2022-08-15;RESTRICTED
6;Provence-Alpes-CÃ´te;94420;2022-08-15;2022-08-15;AVAILABLE
7;Analyste array;15061;2022-08-15;2022-08-15;RESTRICTED
8;Loan Music;61498;2022-08-15;2022-08-15;RESTRICTED
9;Account Front-line plug-and-play;23683;2022-08-14;2022-08-15;DISABLED
10;Rubber;66292;2022-08-15;2022-08-14;DISABLED
